N_data,t_python,t_julia
101,0.0502576375,0.111711039
201,0.2108448285,0.261988052
301,0.267622579,0.581466235
401,0.872891274,2.013153019
501,0.699868397,1.630262126
601,1.933466779,4.560072823
701,2.8190657215,6.257514931
801,3.6490478165,5.244331958
901,4.9195601235,5.80645355
1001,5.970618283,13.978593862
